<?xml version="1.0" encoding="UTF-8"?><SystemProperties><SystemName>MCube6.03</SystemName><SerialNo>12-02362</SerialNo><UsedMedia><Media path="RobotWare_6.03.0140" name="RobotWare" version="6.03.0140" /></UsedMedia><ControlModule><Option descr="RobotWare Base"></Option><Option descr="709-1 DeviceNet Master/Slave"></Option><Option descr="623-1 Multitasking"></Option><Option descr="604-1 MultiMove Coordinated"></Option><Option descr="623-1 Multitasking"></Option><Option descr="608-1 World Zones"></Option><Option descr="613-1 Collision Detection"></Option><Option descr="614-1 FTP and NFS client"></Option><Option descr="616-1 PC Interface"></Option><Option descr="617-1 FlexPendant Interface"></Option><Option descr="689-1 Externally Guided Motion (EGM)"></Option><Option descr="English"></Option><Option descr="Auto acknowledge input"></Option></ControlModule><DriveModule><Name>Robot1</Name><Option descr="IRB 120T-0.58/3"></Option><Option descr="Axis Calibration"></Option><Option descr="Drive System IRB 120/140/260/360/910SC/1200/1400/1520/1600"></Option></DriveModule><DriveModule><Name>Robot2</Name><Option descr="IRB 120T-0.58/3"></Option><Option descr="Axis Calibration"></Option><Option descr="Drive System IRB 120/140/260/360/910SC/1200/1400/1520/1600"></Option></DriveModule></SystemProperties>